{"lolo": {"Victorias": 3, "Tiempo Total": 57.56006741523743, "Intentos Total": 18}, "lele": {"Victorias": 1, "Tiempo Total": 16.352034091949463, "Intentos Total": 6}}